timestamp_utc,elapsed_s,timer_s,power_w,cadence_rpm,heart_rate_bpm,speed_mps,distance_m,elevation_m,grade_pct,commanded_grade_pct,target_power_w,trainer_speed_kmh,latitude_deg,longitude_deg,workout_step,power_source,cadence_source,heart_rate_source,flags
2026-09-21T14:13:21.000Z,1.000,1,180,88.0,,8.500,8.50,50.00,2.50,,,,47.5600000,-52.7100000,,,,,0
2026-09-21T14:13:22.000Z,2.000,2,181,88.0,,8.500,17.00,50.05,2.50,,,,47.5600100,-52.7100000,,,,,0
2026-09-21T14:13:23.000Z,3.000,3,182,88.0,,8.500,25.50,50.10,2.50,,,,47.5600200,-52.7100000,,,,,0
2026-09-21T14:13:24.000Z,4.000,4,183,88.0,,8.500,34.00,50.15,2.50,,,,47.5600300,-52.7100000,,,,,0
2026-09-21T14:13:25.000Z,5.000,5,184,88.0,,8.500,42.50,50.20,2.50,,,,47.5600400,-52.7100000,,,,,0
2026-09-21T14:13:26.000Z,6.000,6,185,88.0,,8.500,51.00,50.25,2.50,,,,47.5600500,-52.7100000,,,,,0
2026-09-21T14:13:27.000Z,7.000,7,186,88.0,,8.500,59.50,50.30,2.50,,,,47.5600600,-52.7100000,,,,,0
2026-09-21T14:13:28.000Z,8.000,8,187,88.0,,8.500,68.00,50.35,2.50,,,,47.5600700,-52.7100000,,,,,0
2026-09-21T14:13:29.000Z,9.000,9,188,88.0,,8.500,76.50,50.40,2.50,,,,47.5600800,-52.7100000,,,,,0
2026-09-21T14:13:30.000Z,10.000,10,189,88.0,,8.500,85.00,50.45,2.50,,,,47.5600900,-52.7100000,,,,,0
2026-09-21T14:13:31.000Z,11.000,11,190,88.0,,8.500,93.50,50.50,2.50,,,,47.5601000,-52.7100000,,,,,0
2026-09-21T14:13:32.000Z,12.000,12,191,88.0,,8.500,102.00,50.55,2.50,,,,47.5601100,-52.7100000,,,,,0
2026-09-21T14:13:33.000Z,13.000,13,192,88.0,,8.500,110.50,50.60,2.50,,,,47.5601200,-52.7100000,,,,,0
2026-09-21T14:13:34.000Z,14.000,14,193,88.0,,8.500,119.00,50.65,2.50,,,,47.5601300,-52.7100000,,,,,0
2026-09-21T14:13:35.000Z,15.000,15,194,88.0,,8.500,127.50,50.70,2.50,,,,47.5601400,-52.7100000,,,,,0
2026-09-21T14:13:36.000Z,16.000,16,195,88.0,,8.500,136.00,50.75,2.50,,,,47.5601500,-52.7100000,,,,,0
2026-09-21T14:13:37.000Z,17.000,17,196,88.0,,8.500,144.50,50.80,2.50,,,,47.5601600,-52.7100000,,,,,0
2026-09-21T14:13:38.000Z,18.000,18,197,88.0,,8.500,153.00,50.85,2.50,,,,47.5601700,-52.7100000,,,,,0
2026-09-21T14:13:39.000Z,19.000,19,198,88.0,,8.500,161.50,50.90,2.50,,,,47.5601800,-52.7100000,,,,,0
2026-09-21T14:13:40.000Z,20.000,20,199,88.0,,8.500,170.00,50.95,2.50,,,,47.5601900,-52.7100000,,,,,0
2026-09-21T14:13:41.000Z,21.000,21,180,88.0,,8.500,178.50,51.00,2.50,,,,47.5602000,-52.7100000,,,,,0
2026-09-21T14:13:42.000Z,22.000,22,181,88.0,,8.500,187.00,51.05,2.50,,,,47.5602100,-52.7100000,,,,,0
2026-09-21T14:13:43.000Z,23.000,23,182,88.0,,8.500,195.50,51.10,2.50,,,,47.5602200,-52.7100000,,,,,0
2026-09-21T14:13:44.000Z,24.000,24,183,88.0,,8.500,204.00,51.15,2.50,,,,47.5602300,-52.7100000,,,,,0
2026-09-21T14:13:45.000Z,25.000,25,184,88.0,,8.500,212.50,51.20,2.50,,,,47.5602400,-52.7100000,,,,,0
2026-09-21T14:13:46.000Z,26.000,26,185,88.0,,8.500,221.00,51.25,2.50,,,,47.5602500,-52.7100000,,,,,0
2026-09-21T14:13:47.000Z,27.000,27,186,88.0,,8.500,229.50,51.30,2.50,,,,47.5602600,-52.7100000,,,,,0
2026-09-21T14:13:48.000Z,28.000,28,187,88.0,,8.500,238.00,51.35,2.50,,,,47.5602700,-52.7100000,,,,,0
2026-09-21T14:13:49.000Z,29.000,29,188,88.0,,8.500,246.50,51.40,2.50,,,,47.5602800,-52.7100000,,,,,0
2026-09-21T14:13:50.000Z,30.000,30,189,88.0,,8.500,255.00,51.45,2.50,,,,47.5602900,-52.7100000,,,,,0
2026-09-21T14:13:51.000Z,31.000,31,190,88.0,150,8.500,263.50,51.50,2.50,,,,47.5603000,-52.7100000,,,,,0
2026-09-21T14:13:52.000Z,32.000,32,191,88.0,151,8.500,272.00,51.55,2.50,,,,47.5603100,-52.7100000,,,,,0
2026-09-21T14:13:53.000Z,33.000,33,192,88.0,152,8.500,280.50,51.60,2.50,,,,47.5603200,-52.7100000,,,,,0
2026-09-21T14:13:54.000Z,34.000,34,193,88.0,153,8.500,289.00,51.65,2.50,,,,47.5603300,-52.7100000,,,,,0
2026-09-21T14:13:55.000Z,35.000,35,194,88.0,154,8.500,297.50,51.70,2.50,,,,47.5603400,-52.7100000,,,,,0
2026-09-21T14:13:56.000Z,36.000,36,195,88.0,155,8.500,306.00,51.75,2.50,,,,47.5603500,-52.7100000,,,,,0
2026-09-21T14:13:57.000Z,37.000,37,196,88.0,156,8.500,314.50,51.80,2.50,,,,47.5603600,-52.7100000,,,,,0
2026-09-21T14:13:58.000Z,38.000,38,197,88.0,157,8.500,323.00,51.85,2.50,,,,47.5603700,-52.7100000,,,,,0
2026-09-21T14:13:59.000Z,39.000,39,198,88.0,158,8.500,331.50,51.90,2.50,,,,47.5603800,-52.7100000,,,,,0
2026-09-21T14:14:00.000Z,40.000,40,199,88.0,159,8.500,340.00,51.95,2.50,,,,47.5603900,-52.7100000,,,,,0
2026-09-21T14:14:01.000Z,41.000,41,180,88.0,120,8.500,348.50,52.00,2.50,,,,47.5604000,-52.7100000,,,,,0
2026-09-21T14:14:02.000Z,42.000,42,181,88.0,121,8.500,357.00,52.05,2.50,,,,47.5604100,-52.7100000,,,,,0
2026-09-21T14:14:03.000Z,43.000,43,182,88.0,122,8.500,365.50,52.10,2.50,,,,47.5604200,-52.7100000,,,,,0
2026-09-21T14:14:04.000Z,44.000,44,183,88.0,123,8.500,374.00,52.15,2.50,,,,47.5604300,-52.7100000,,,,,0
2026-09-21T14:14:05.000Z,45.000,45,184,88.0,124,8.500,382.50,52.20,2.50,,,,47.5604400,-52.7100000,,,,,0
2026-09-21T14:14:06.000Z,46.000,46,185,88.0,125,8.500,391.00,52.25,2.50,,,,47.5604500,-52.7100000,,,,,0
2026-09-21T14:14:07.000Z,47.000,47,186,88.0,126,8.500,399.50,52.30,2.50,,,,47.5604600,-52.7100000,,,,,0
2026-09-21T14:14:08.000Z,48.000,48,187,88.0,127,8.500,408.00,52.35,2.50,,,,47.5604700,-52.7100000,,,,,0
2026-09-21T14:14:09.000Z,49.000,49,188,88.0,128,8.500,416.50,52.40,2.50,,,,47.5604800,-52.7100000,,,,,0
2026-09-21T14:14:10.000Z,50.000,50,189,88.0,129,8.500,425.00,52.45,2.50,,,,47.5604900,-52.7100000,,,,,0
2026-09-21T14:14:11.000Z,51.000,51,190,88.0,130,8.500,433.50,52.50,2.50,,,,47.5605000,-52.7100000,,,,,0
2026-09-21T14:14:12.000Z,52.000,52,191,88.0,131,8.500,442.00,52.55,2.50,,,,47.5605100,-52.7100000,,,,,0
2026-09-21T14:14:13.000Z,53.000,53,192,88.0,132,8.500,450.50,52.60,2.50,,,,47.5605200,-52.7100000,,,,,0
2026-09-21T14:14:14.000Z,54.000,54,193,88.0,133,8.500,459.00,52.65,2.50,,,,47.5605300,-52.7100000,,,,,0
2026-09-21T14:14:15.000Z,55.000,55,194,88.0,134,8.500,467.50,52.70,2.50,,,,47.5605400,-52.7100000,,,,,0
2026-09-21T14:14:16.000Z,56.000,56,195,88.0,135,8.500,476.00,52.75,2.50,,,,47.5605500,-52.7100000,,,,,0
2026-09-21T14:14:17.000Z,57.000,57,196,88.0,136,8.500,484.50,52.80,2.50,,,,47.5605600,-52.7100000,,,,,0
2026-09-21T14:14:18.000Z,58.000,58,197,88.0,137,8.500,493.00,52.85,2.50,,,,47.5605700,-52.7100000,,,,,0
2026-09-21T14:14:19.000Z,59.000,59,198,88.0,138,8.500,501.50,52.90,2.50,,,,47.5605800,-52.7100000,,,,,0
2026-09-21T14:14:20.000Z,60.000,60,199,88.0,139,8.500,510.00,52.95,2.50,,,,47.5605900,-52.7100000,,,,,0
2026-09-21T14:14:21.000Z,61.000,61,180,88.0,140,8.500,518.50,53.00,2.50,,,,47.5606000,-52.7100000,,,,,0
2026-09-21T14:14:22.000Z,62.000,62,181,88.0,141,8.500,527.00,53.05,2.50,,,,47.5606100,-52.7100000,,,,,0
2026-09-21T14:14:23.000Z,63.000,63,182,88.0,142,8.500,535.50,53.10,2.50,,,,47.5606200,-52.7100000,,,,,0
2026-09-21T14:14:24.000Z,64.000,64,183,88.0,143,8.500,544.00,53.15,2.50,,,,47.5606300,-52.7100000,,,,,0
2026-09-21T14:14:25.000Z,65.000,65,184,88.0,144,8.500,552.50,53.20,2.50,,,,47.5606400,-52.7100000,,,,,0
2026-09-21T14:14:26.000Z,66.000,66,185,88.0,145,8.500,561.00,53.25,2.50,,,,47.5606500,-52.7100000,,,,,0
2026-09-21T14:14:27.000Z,67.000,67,186,88.0,146,8.500,569.50,53.30,2.50,,,,47.5606600,-52.7100000,,,,,0
2026-09-21T14:14:28.000Z,68.000,68,187,88.0,147,8.500,578.00,53.35,2.50,,,,47.5606700,-52.7100000,,,,,0
2026-09-21T14:14:29.000Z,69.000,69,188,88.0,148,8.500,586.50,53.40,2.50,,,,47.5606800,-52.7100000,,,,,0
2026-09-21T14:14:30.000Z,70.000,70,189,88.0,149,8.500,595.00,53.45,2.50,,,,47.5606900,-52.7100000,,,,,0
2026-09-21T14:14:31.000Z,71.000,71,190,88.0,150,8.500,603.50,53.50,2.50,,,,47.5607000,-52.7100000,,,,,0
2026-09-21T14:14:32.000Z,72.000,72,191,88.0,151,8.500,612.00,53.55,2.50,,,,47.5607100,-52.7100000,,,,,0
2026-09-21T14:14:33.000Z,73.000,73,192,88.0,152,8.500,620.50,53.60,2.50,,,,47.5607200,-52.7100000,,,,,0
2026-09-21T14:14:34.000Z,74.000,74,193,88.0,153,8.500,629.00,53.65,2.50,,,,47.5607300,-52.7100000,,,,,0
2026-09-21T14:14:35.000Z,75.000,75,194,88.0,154,8.500,637.50,53.70,2.50,,,,47.5607400,-52.7100000,,,,,0
2026-09-21T14:14:36.000Z,76.000,76,195,88.0,155,8.500,646.00,53.75,2.50,,,,47.5607500,-52.7100000,,,,,0
2026-09-21T14:14:37.000Z,77.000,77,196,88.0,156,8.500,654.50,53.80,2.50,,,,47.5607600,-52.7100000,,,,,0
2026-09-21T14:14:38.000Z,78.000,78,197,88.0,157,8.500,663.00,53.85,2.50,,,,47.5607700,-52.7100000,,,,,0
2026-09-21T14:14:39.000Z,79.000,79,198,88.0,158,8.500,671.50,53.90,2.50,,,,47.5607800,-52.7100000,,,,,0
2026-09-21T14:14:40.000Z,80.000,80,199,88.0,159,8.500,680.00,53.95,2.50,,,,47.5607900,-52.7100000,,,,,0
2026-09-21T14:14:41.000Z,81.000,81,180,88.0,120,8.500,688.50,54.00,2.50,,,,47.5608000,-52.7100000,,,,,0
2026-09-21T14:14:42.000Z,82.000,82,181,88.0,121,8.500,697.00,54.05,2.50,,,,47.5608100,-52.7100000,,,,,0
2026-09-21T14:14:43.000Z,83.000,83,182,88.0,122,8.500,705.50,54.10,2.50,,,,47.5608200,-52.7100000,,,,,0
2026-09-21T14:14:44.000Z,84.000,84,183,88.0,123,8.500,714.00,54.15,2.50,,,,47.5608300,-52.7100000,,,,,0
2026-09-21T14:14:45.000Z,85.000,85,184,88.0,124,8.500,722.50,54.20,2.50,,,,47.5608400,-52.7100000,,,,,0
2026-09-21T14:14:46.000Z,86.000,86,185,88.0,125,8.500,731.00,54.25,2.50,,,,47.5608500,-52.7100000,,,,,0
2026-09-21T14:14:47.000Z,87.000,87,186,88.0,126,8.500,739.50,54.30,2.50,,,,47.5608600,-52.7100000,,,,,0
2026-09-21T14:14:48.000Z,88.000,88,187,88.0,127,8.500,748.00,54.35,2.50,,,,47.5608700,-52.7100000,,,,,0
2026-09-21T14:14:49.000Z,89.000,89,188,88.0,128,8.500,756.50,54.40,2.50,,,,47.5608800,-52.7100000,,,,,0
2026-09-21T14:14:50.000Z,90.000,90,189,88.0,129,8.500,765.00,54.45,2.50,,,,47.5608900,-52.7100000,,,,,0
2026-09-21T14:14:51.000Z,91.000,91,190,88.0,130,8.500,773.50,54.50,2.50,,,,47.5609000,-52.7100000,,,,,0
2026-09-21T14:14:52.000Z,92.000,92,191,88.0,131,8.500,782.00,54.55,2.50,,,,47.5609100,-52.7100000,,,,,0
2026-09-21T14:14:53.000Z,93.000,93,192,88.0,132,8.500,790.50,54.60,2.50,,,,47.5609200,-52.7100000,,,,,0
2026-09-21T14:14:54.000Z,94.000,94,193,88.0,133,8.500,799.00,54.65,2.50,,,,47.5609300,-52.7100000,,,,,0
2026-09-21T14:14:55.000Z,95.000,95,194,88.0,134,8.500,807.50,54.70,2.50,,,,47.5609400,-52.7100000,,,,,0
2026-09-21T14:14:56.000Z,96.000,96,195,88.0,135,8.500,816.00,54.75,2.50,,,,47.5609500,-52.7100000,,,,,0
2026-09-21T14:14:57.000Z,97.000,97,196,88.0,136,8.500,824.50,54.80,2.50,,,,47.5609600,-52.7100000,,,,,0
2026-09-21T14:14:58.000Z,98.000,98,197,88.0,137,8.500,833.00,54.85,2.50,,,,47.5609700,-52.7100000,,,,,0
2026-09-21T14:14:59.000Z,99.000,99,198,88.0,138,8.500,841.50,54.90,2.50,,,,47.5609800,-52.7100000,,,,,0
2026-09-21T14:15:00.000Z,100.000,100,199,88.0,139,8.500,850.00,54.95,2.50,,,,47.5609900,-52.7100000,,,,,0
2026-09-21T14:15:01.000Z,101.000,101,180,88.0,140,8.500,858.50,55.00,2.50,,,,47.5610000,-52.7100000,,,,,0
2026-09-21T14:15:02.000Z,102.000,102,181,88.0,141,8.500,867.00,55.05,2.50,,,,47.5610100,-52.7100000,,,,,0
2026-09-21T14:15:03.000Z,103.000,103,182,88.0,142,8.500,875.50,55.10,2.50,,,,47.5610200,-52.7100000,,,,,0
2026-09-21T14:15:04.000Z,104.000,104,183,88.0,143,8.500,884.00,55.15,2.50,,,,47.5610300,-52.7100000,,,,,0
2026-09-21T14:15:05.000Z,105.000,105,184,88.0,144,8.500,892.50,55.20,2.50,,,,47.5610400,-52.7100000,,,,,0
2026-09-21T14:15:06.000Z,106.000,106,185,88.0,145,8.500,901.00,55.25,2.50,,,,47.5610500,-52.7100000,,,,,0
2026-09-21T14:15:07.000Z,107.000,107,186,88.0,146,8.500,909.50,55.30,2.50,,,,47.5610600,-52.7100000,,,,,0
2026-09-21T14:15:08.000Z,108.000,108,187,88.0,147,8.500,918.00,55.35,2.50,,,,47.5610700,-52.7100000,,,,,0
2026-09-21T14:15:09.000Z,109.000,109,188,88.0,148,8.500,926.50,55.40,2.50,,,,47.5610800,-52.7100000,,,,,0
2026-09-21T14:15:10.000Z,110.000,110,189,88.0,149,8.500,935.00,55.45,2.50,,,,47.5610900,-52.7100000,,,,,0
2026-09-21T14:15:11.000Z,111.000,111,190,88.0,150,8.500,943.50,55.50,2.50,,,,47.5611000,-52.7100000,,,,,0
2026-09-21T14:15:12.000Z,112.000,112,191,88.0,151,8.500,952.00,55.55,2.50,,,,47.5611100,-52.7100000,,,,,0
2026-09-21T14:15:13.000Z,113.000,113,192,88.0,152,8.500,960.50,55.60,2.50,,,,47.5611200,-52.7100000,,,,,0
2026-09-21T14:15:14.000Z,114.000,114,193,88.0,153,8.500,969.00,55.65,2.50,,,,47.5611300,-52.7100000,,,,,0
2026-09-21T14:15:15.000Z,115.000,115,194,88.0,154,8.500,977.50,55.70,2.50,,,,47.5611400,-52.7100000,,,,,0
2026-09-21T14:15:16.000Z,116.000,116,195,88.0,155,8.500,986.00,55.75,2.50,,,,47.5611500,-52.7100000,,,,,0
2026-09-21T14:15:17.000Z,117.000,117,196,88.0,156,8.500,994.50,55.80,2.50,,,,47.5611600,-52.7100000,,,,,0
2026-09-21T14:15:18.000Z,118.000,118,197,88.0,157,8.500,1003.00,55.85,2.50,,,,47.5611700,-52.7100000,,,,,0
2026-09-21T14:15:19.000Z,119.000,119,198,88.0,158,8.500,1011.50,55.90,2.50,,,,47.5611800,-52.7100000,,,,,0
2026-09-21T14:15:20.000Z,120.000,120,199,88.0,159,8.500,1020.00,55.95,2.50,,,,47.5611900,-52.7100000,,,,,0
2026-09-21T14:15:21.000Z,121.000,121,180,88.0,120,8.500,1028.50,56.00,2.50,,,,47.5612000,-52.7100000,,,,,0
2026-09-21T14:15:22.000Z,122.000,122,181,88.0,121,8.500,1037.00,56.05,2.50,,,,47.5612100,-52.7100000,,,,,0
2026-09-21T14:15:23.000Z,123.000,123,182,88.0,122,8.500,1045.50,56.10,2.50,,,,47.5612200,-52.7100000,,,,,0
2026-09-21T14:15:24.000Z,124.000,124,183,88.0,123,8.500,1054.00,56.15,2.50,,,,47.5612300,-52.7100000,,,,,0
2026-09-21T14:15:25.000Z,125.000,125,184,88.0,124,8.500,1062.50,56.20,2.50,,,,47.5612400,-52.7100000,,,,,0
2026-09-21T14:15:26.000Z,126.000,126,185,88.0,125,8.500,1071.00,56.25,2.50,,,,47.5612500,-52.7100000,,,,,0
2026-09-21T14:15:27.000Z,127.000,127,186,88.0,126,8.500,1079.50,56.30,2.50,,,,47.5612600,-52.7100000,,,,,0
2026-09-21T14:15:28.000Z,128.000,128,187,88.0,127,8.500,1088.00,56.35,2.50,,,,47.5612700,-52.7100000,,,,,0
2026-09-21T14:15:29.000Z,129.000,129,188,88.0,128,8.500,1096.50,56.40,2.50,,,,47.5612800,-52.7100000,,,,,0
2026-09-21T14:15:30.000Z,130.000,130,189,88.0,129,8.500,1105.00,56.45,2.50,,,,47.5612900,-52.7100000,,,,,0
2026-09-21T14:15:31.000Z,131.000,131,190,88.0,130,8.500,1113.50,56.50,2.50,,,,47.5613000,-52.7100000,,,,,0
2026-09-21T14:15:32.000Z,132.000,132,191,88.0,131,8.500,1122.00,56.55,2.50,,,,47.5613100,-52.7100000,,,,,0
2026-09-21T14:15:33.000Z,133.000,133,192,88.0,132,8.500,1130.50,56.60,2.50,,,,47.5613200,-52.7100000,,,,,0
2026-09-21T14:15:34.000Z,134.000,134,193,88.0,133,8.500,1139.00,56.65,2.50,,,,47.5613300,-52.7100000,,,,,0
2026-09-21T14:15:35.000Z,135.000,135,194,88.0,134,8.500,1147.50,56.70,2.50,,,,47.5613400,-52.7100000,,,,,0
2026-09-21T14:15:36.000Z,136.000,136,195,88.0,135,8.500,1156.00,56.75,2.50,,,,47.5613500,-52.7100000,,,,,0
2026-09-21T14:15:37.000Z,137.000,137,196,88.0,136,8.500,1164.50,56.80,2.50,,,,47.5613600,-52.7100000,,,,,0
2026-09-21T14:15:38.000Z,138.000,138,197,88.0,137,8.500,1173.00,56.85,2.50,,,,47.5613700,-52.7100000,,,,,0
2026-09-21T14:15:39.000Z,139.000,139,198,88.0,138,8.500,1181.50,56.90,2.50,,,,47.5613800,-52.7100000,,,,,0
2026-09-21T14:15:40.000Z,140.000,140,199,88.0,139,8.500,1190.00,56.95,2.50,,,,47.5613900,-52.7100000,,,,,0
2026-09-21T14:15:41.000Z,141.000,141,180,88.0,140,8.500,1198.50,57.00,2.50,,,,47.5614000,-52.7100000,,,,,0
2026-09-21T14:15:42.000Z,142.000,142,181,88.0,141,8.500,1207.00,57.05,2.50,,,,47.5614100,-52.7100000,,,,,0
2026-09-21T14:15:43.000Z,143.000,143,182,88.0,142,8.500,1215.50,57.10,2.50,,,,47.5614200,-52.7100000,,,,,0
2026-09-21T14:15:44.000Z,144.000,144,183,88.0,143,8.500,1224.00,57.15,2.50,,,,47.5614300,-52.7100000,,,,,0
2026-09-21T14:15:45.000Z,145.000,145,184,88.0,144,8.500,1232.50,57.20,2.50,,,,47.5614400,-52.7100000,,,,,0
2026-09-21T14:15:46.000Z,146.000,146,185,88.0,145,8.500,1241.00,57.25,2.50,,,,47.5614500,-52.7100000,,,,,0
2026-09-21T14:15:47.000Z,147.000,147,186,88.0,146,8.500,1249.50,57.30,2.50,,,,47.5614600,-52.7100000,,,,,0
2026-09-21T14:15:48.000Z,148.000,148,187,88.0,147,8.500,1258.00,57.35,2.50,,,,47.5614700,-52.7100000,,,,,0
2026-09-21T14:15:49.000Z,149.000,149,188,88.0,148,8.500,1266.50,57.40,2.50,,,,47.5614800,-52.7100000,,,,,0
2026-09-21T14:15:50.000Z,150.000,150,189,88.0,149,8.500,1275.00,57.45,2.50,,,,47.5614900,-52.7100000,,,,,0
2026-09-21T14:15:51.000Z,151.000,151,190,88.0,150,8.500,1283.50,57.50,2.50,,,,47.5615000,-52.7100000,,,,,0
2026-09-21T14:15:52.000Z,152.000,152,191,88.0,151,8.500,1292.00,57.55,2.50,,,,47.5615100,-52.7100000,,,,,0
2026-09-21T14:15:53.000Z,153.000,153,192,88.0,152,8.500,1300.50,57.60,2.50,,,,47.5615200,-52.7100000,,,,,0
2026-09-21T14:15:54.000Z,154.000,154,193,88.0,153,8.500,1309.00,57.65,2.50,,,,47.5615300,-52.7100000,,,,,0
2026-09-21T14:15:55.000Z,155.000,155,194,88.0,154,8.500,1317.50,57.70,2.50,,,,47.5615400,-52.7100000,,,,,0
2026-09-21T14:15:56.000Z,156.000,156,195,88.0,155,8.500,1326.00,57.75,2.50,,,,47.5615500,-52.7100000,,,,,0
2026-09-21T14:15:57.000Z,157.000,157,196,88.0,156,8.500,1334.50,57.80,2.50,,,,47.5615600,-52.7100000,,,,,0
2026-09-21T14:15:58.000Z,158.000,158,197,88.0,157,8.500,1343.00,57.85,2.50,,,,47.5615700,-52.7100000,,,,,0
2026-09-21T14:15:59.000Z,159.000,159,198,88.0,158,8.500,1351.50,57.90,2.50,,,,47.5615800,-52.7100000,,,,,0
2026-09-21T14:16:00.000Z,160.000,160,199,88.0,159,8.500,1360.00,57.95,2.50,,,,47.5615900,-52.7100000,,,,,0
2026-09-21T14:16:01.000Z,161.000,161,180,88.0,120,8.500,1368.50,58.00,2.50,,,,47.5616000,-52.7100000,,,,,0
2026-09-21T14:16:02.000Z,162.000,162,181,88.0,121,8.500,1377.00,58.05,2.50,,,,47.5616100,-52.7100000,,,,,0
2026-09-21T14:16:03.000Z,163.000,163,182,88.0,122,8.500,1385.50,58.10,2.50,,,,47.5616200,-52.7100000,,,,,0
2026-09-21T14:16:04.000Z,164.000,164,183,88.0,123,8.500,1394.00,58.15,2.50,,,,47.5616300,-52.7100000,,,,,0
2026-09-21T14:16:05.000Z,165.000,165,184,88.0,124,8.500,1402.50,58.20,2.50,,,,47.5616400,-52.7100000,,,,,0
2026-09-21T14:16:06.000Z,166.000,166,185,88.0,125,8.500,1411.00,58.25,2.50,,,,47.5616500,-52.7100000,,,,,0
2026-09-21T14:16:07.000Z,167.000,167,186,88.0,126,8.500,1419.50,58.30,2.50,,,,47.5616600,-52.7100000,,,,,0
2026-09-21T14:16:08.000Z,168.000,168,187,88.0,127,8.500,1428.00,58.35,2.50,,,,47.5616700,-52.7100000,,,,,0
2026-09-21T14:16:09.000Z,169.000,169,188,88.0,128,8.500,1436.50,58.40,2.50,,,,47.5616800,-52.7100000,,,,,0
2026-09-21T14:16:10.000Z,170.000,170,189,88.0,129,8.500,1445.00,58.45,2.50,,,,47.5616900,-52.7100000,,,,,0
2026-09-21T14:16:11.000Z,171.000,171,190,88.0,130,8.500,1453.50,58.50,2.50,,,,47.5617000,-52.7100000,,,,,0
2026-09-21T14:16:12.000Z,172.000,172,191,88.0,131,8.500,1462.00,58.55,2.50,,,,47.5617100,-52.7100000,,,,,0
2026-09-21T14:16:13.000Z,173.000,173,192,88.0,132,8.500,1470.50,58.60,2.50,,,,47.5617200,-52.7100000,,,,,0
2026-09-21T14:16:14.000Z,174.000,174,193,88.0,133,8.500,1479.00,58.65,2.50,,,,47.5617300,-52.7100000,,,,,0
2026-09-21T14:16:15.000Z,175.000,175,194,88.0,134,8.500,1487.50,58.70,2.50,,,,47.5617400,-52.7100000,,,,,0
2026-09-21T14:16:16.000Z,176.000,176,195,88.0,135,8.500,1496.00,58.75,2.50,,,,47.5617500,-52.7100000,,,,,0
2026-09-21T14:16:17.000Z,177.000,177,196,88.0,136,8.500,1504.50,58.80,2.50,,,,47.5617600,-52.7100000,,,,,0
2026-09-21T14:16:18.000Z,178.000,178,197,88.0,137,8.500,1513.00,58.85,2.50,,,,47.5617700,-52.7100000,,,,,0
2026-09-21T14:16:19.000Z,179.000,179,198,88.0,138,8.500,1521.50,58.90,2.50,,,,47.5617800,-52.7100000,,,,,0
2026-09-21T14:16:20.000Z,180.000,180,199,88.0,139,8.500,1530.00,58.95,2.50,,,,47.5617900,-52.7100000,,,,,0
2026-09-21T14:16:21.000Z,181.000,181,180,88.0,140,8.500,1538.50,59.00,2.50,,,,47.5618000,-52.7100000,,,,,0
2026-09-21T14:16:22.000Z,182.000,182,181,88.0,141,8.500,1547.00,59.05,2.50,,,,47.5618100,-52.7100000,,,,,0
2026-09-21T14:16:23.000Z,183.000,183,182,88.0,142,8.500,1555.50,59.10,2.50,,,,47.5618200,-52.7100000,,,,,0
2026-09-21T14:16:24.000Z,184.000,184,183,88.0,143,8.500,1564.00,59.15,2.50,,,,47.5618300,-52.7100000,,,,,0
2026-09-21T14:16:25.000Z,185.000,185,184,88.0,144,8.500,1572.50,59.20,2.50,,,,47.5618400,-52.7100000,,,,,0
2026-09-21T14:16:26.000Z,186.000,186,185,88.0,145,8.500,1581.00,59.25,2.50,,,,47.5618500,-52.7100000,,,,,0
2026-09-21T14:16:27.000Z,187.000,187,186,88.0,146,8.500,1589.50,59.30,2.50,,,,47.5618600,-52.7100000,,,,,0
2026-09-21T14:16:28.000Z,188.000,188,187,88.0,147,8.500,1598.00,59.35,2.50,,,,47.5618700,-52.7100000,,,,,0
2026-09-21T14:16:29.000Z,189.000,189,188,88.0,148,8.500,1606.50,59.40,2.50,,,,47.5618800,-52.7100000,,,,,0
2026-09-21T14:16:30.000Z,190.000,190,189,88.0,149,8.500,1615.00,59.45,2.50,,,,47.5618900,-52.7100000,,,,,0
2026-09-21T14:16:31.000Z,191.000,191,190,88.0,150,8.500,1623.50,59.50,2.50,,,,47.5619000,-52.7100000,,,,,0
2026-09-21T14:16:32.000Z,192.000,192,191,88.0,151,8.500,1632.00,59.55,2.50,,,,47.5619100,-52.7100000,,,,,0
2026-09-21T14:16:33.000Z,193.000,193,192,88.0,152,8.500,1640.50,59.60,2.50,,,,47.5619200,-52.7100000,,,,,0
2026-09-21T14:16:34.000Z,194.000,194,193,88.0,153,8.500,1649.00,59.65,2.50,,,,47.5619300,-52.7100000,,,,,0
2026-09-21T14:16:35.000Z,195.000,195,194,88.0,154,8.500,1657.50,59.70,2.50,,,,47.5619400,-52.7100000,,,,,0
2026-09-21T14:16:36.000Z,196.000,196,195,88.0,155,8.500,1666.00,59.75,2.50,,,,47.5619500,-52.7100000,,,,,0
2026-09-21T14:16:37.000Z,197.000,197,196,88.0,156,8.500,1674.50,59.80,2.50,,,,47.5619600,-52.7100000,,,,,0
2026-09-21T14:16:38.000Z,198.000,198,197,88.0,157,8.500,1683.00,59.85,2.50,,,,47.5619700,-52.7100000,,,,,0
2026-09-21T14:16:39.000Z,199.000,199,198,88.0,158,8.500,1691.50,59.90,2.50,,,,47.5619800,-52.7100000,,,,,0
2026-09-21T14:16:40.000Z,200.000,200,199,88.0,159,8.500,1700.00,59.95,2.50,,,,47.5619900,-52.7100000,,,,,0
2026-09-21T14:16:41.000Z,201.000,201,,88.0,120,8.500,1708.50,60.00,2.50,,,,47.5620000,-52.7100000,,,,,0
2026-09-21T14:16:42.000Z,202.000,202,,88.0,121,8.500,1717.00,60.05,2.50,,,,47.5620100,-52.7100000,,,,,0
2026-09-21T14:16:43.000Z,203.000,203,,88.0,122,8.500,1725.50,60.10,2.50,,,,47.5620200,-52.7100000,,,,,0
2026-09-21T14:16:44.000Z,204.000,204,,88.0,123,8.500,1734.00,60.15,2.50,,,,47.5620300,-52.7100000,,,,,0
2026-09-21T14:16:45.000Z,205.000,205,,88.0,124,8.500,1742.50,60.20,2.50,,,,47.5620400,-52.7100000,,,,,0
2026-09-21T14:16:46.000Z,206.000,206,185,88.0,125,8.500,1751.00,60.25,2.50,,,,47.5620500,-52.7100000,,,,,0
2026-09-21T14:16:47.000Z,207.000,207,186,88.0,126,8.500,1759.50,60.30,2.50,,,,47.5620600,-52.7100000,,,,,0
2026-09-21T14:16:48.000Z,208.000,208,187,88.0,127,8.500,1768.00,60.35,2.50,,,,47.5620700,-52.7100000,,,,,0
2026-09-21T14:16:49.000Z,209.000,209,188,88.0,128,8.500,1776.50,60.40,2.50,,,,47.5620800,-52.7100000,,,,,0
2026-09-21T14:16:50.000Z,210.000,210,189,88.0,129,8.500,1785.00,60.45,2.50,,,,47.5620900,-52.7100000,,,,,0
2026-09-21T14:16:51.000Z,211.000,211,190,88.0,130,8.500,1793.50,60.50,2.50,,,,47.5621000,-52.7100000,,,,,0
2026-09-21T14:16:52.000Z,212.000,212,191,88.0,131,8.500,1802.00,60.55,2.50,,,,47.5621100,-52.7100000,,,,,0
2026-09-21T14:16:53.000Z,213.000,213,192,88.0,132,8.500,1810.50,60.60,2.50,,,,47.5621200,-52.7100000,,,,,0
2026-09-21T14:16:54.000Z,214.000,214,193,88.0,133,8.500,1819.00,60.65,2.50,,,,47.5621300,-52.7100000,,,,,0
2026-09-21T14:16:55.000Z,215.000,215,194,88.0,134,8.500,1827.50,60.70,2.50,,,,47.5621400,-52.7100000,,,,,0
2026-09-21T14:16:56.000Z,216.000,216,195,88.0,135,8.500,1836.00,60.75,2.50,,,,47.5621500,-52.7100000,,,,,0
2026-09-21T14:16:57.000Z,217.000,217,196,88.0,136,8.500,1844.50,60.80,2.50,,,,47.5621600,-52.7100000,,,,,0
2026-09-21T14:16:58.000Z,218.000,218,197,88.0,137,8.500,1853.00,60.85,2.50,,,,47.5621700,-52.7100000,,,,,0
2026-09-21T14:16:59.000Z,219.000,219,198,88.0,138,8.500,1861.50,60.90,2.50,,,,47.5621800,-52.7100000,,,,,0
2026-09-21T14:17:00.000Z,220.000,220,199,88.0,139,8.500,1870.00,60.95,2.50,,,,47.5621900,-52.7100000,,,,,0
2026-09-21T14:17:01.000Z,221.000,221,180,88.0,140,8.500,1878.50,61.00,2.50,,,,47.5622000,-52.7100000,,,,,0
2026-09-21T14:17:02.000Z,222.000,222,181,88.0,141,8.500,1887.00,61.05,2.50,,,,47.5622100,-52.7100000,,,,,0
2026-09-21T14:17:03.000Z,223.000,223,182,88.0,142,8.500,1895.50,61.10,2.50,,,,47.5622200,-52.7100000,,,,,0
2026-09-21T14:17:04.000Z,224.000,224,183,88.0,143,8.500,1904.00,61.15,2.50,,,,47.5622300,-52.7100000,,,,,0
2026-09-21T14:17:05.000Z,225.000,225,184,88.0,144,8.500,1912.50,61.20,2.50,,,,47.5622400,-52.7100000,,,,,0
2026-09-21T14:17:06.000Z,226.000,226,185,88.0,145,8.500,1921.00,61.25,2.50,,,,47.5622500,-52.7100000,,,,,0
2026-09-21T14:17:07.000Z,227.000,227,186,88.0,146,8.500,1929.50,61.30,2.50,,,,47.5622600,-52.7100000,,,,,0
2026-09-21T14:17:08.000Z,228.000,228,187,88.0,147,8.500,1938.00,61.35,2.50,,,,47.5622700,-52.7100000,,,,,0
2026-09-21T14:17:09.000Z,229.000,229,188,88.0,148,8.500,1946.50,61.40,2.50,,,,47.5622800,-52.7100000,,,,,0
2026-09-21T14:17:10.000Z,230.000,230,189,88.0,149,8.500,1955.00,61.45,2.50,,,,47.5622900,-52.7100000,,,,,0
2026-09-21T14:17:11.000Z,231.000,231,190,88.0,150,8.500,1963.50,61.50,2.50,,,,47.5623000,-52.7100000,,,,,0
2026-09-21T14:17:12.000Z,232.000,232,191,88.0,151,8.500,1972.00,61.55,2.50,,,,47.5623100,-52.7100000,,,,,0
2026-09-21T14:17:13.000Z,233.000,233,192,88.0,152,8.500,1980.50,61.60,2.50,,,,47.5623200,-52.7100000,,,,,0
2026-09-21T14:17:14.000Z,234.000,234,193,88.0,153,8.500,1989.00,61.65,2.50,,,,47.5623300,-52.7100000,,,,,0
2026-09-21T14:17:15.000Z,235.000,235,194,88.0,154,8.500,1997.50,61.70,2.50,,,,47.5623400,-52.7100000,,,,,0
2026-09-21T14:17:16.000Z,236.000,236,195,88.0,155,8.500,2006.00,61.75,2.50,,,,47.5623500,-52.7100000,,,,,0
2026-09-21T14:17:17.000Z,237.000,237,196,88.0,156,8.500,2014.50,61.80,2.50,,,,47.5623600,-52.7100000,,,,,0
2026-09-21T14:17:18.000Z,238.000,238,197,88.0,157,8.500,2023.00,61.85,2.50,,,,47.5623700,-52.7100000,,,,,0
2026-09-21T14:17:19.000Z,239.000,239,198,88.0,158,8.500,2031.50,61.90,2.50,,,,47.5623800,-52.7100000,,,,,0
2026-09-21T14:17:20.000Z,240.000,240,199,88.0,159,8.500,2040.00,61.95,2.50,,,,47.5623900,-52.7100000,,,,,0
2026-09-21T14:17:21.000Z,241.000,241,180,88.0,120,8.500,2048.50,62.00,2.50,,,,47.5624000,-52.7100000,,,,,0
2026-09-21T14:17:22.000Z,242.000,242,181,88.0,121,8.500,2057.00,62.05,2.50,,,,47.5624100,-52.7100000,,,,,0
2026-09-21T14:17:23.000Z,243.000,243,182,88.0,122,8.500,2065.50,62.10,2.50,,,,47.5624200,-52.7100000,,,,,0
2026-09-21T14:17:24.000Z,244.000,244,183,88.0,123,8.500,2074.00,62.15,2.50,,,,47.5624300,-52.7100000,,,,,0
2026-09-21T14:17:25.000Z,245.000,245,184,88.0,124,8.500,2082.50,62.20,2.50,,,,47.5624400,-52.7100000,,,,,0
2026-09-21T14:17:26.000Z,246.000,246,185,88.0,125,8.500,2091.00,62.25,2.50,,,,47.5624500,-52.7100000,,,,,0
2026-09-21T14:17:27.000Z,247.000,247,186,88.0,126,8.500,2099.50,62.30,2.50,,,,47.5624600,-52.7100000,,,,,0
2026-09-21T14:17:28.000Z,248.000,248,187,88.0,127,8.500,2108.00,62.35,2.50,,,,47.5624700,-52.7100000,,,,,0
2026-09-21T14:17:29.000Z,249.000,249,188,88.0,128,8.500,2116.50,62.40,2.50,,,,47.5624800,-52.7100000,,,,,0
2026-09-21T14:17:30.000Z,250.000,250,189,88.0,129,8.500,2125.00,62.45,2.50,,,,47.5624900,-52.7100000,,,,,0
2026-09-21T14:17:31.000Z,251.000,251,190,88.0,130,8.500,2133.50,62.50,2.50,,,,47.5625000,-52.7100000,,,,,0
2026-09-21T14:17:32.000Z,252.000,252,191,88.0,131,8.500,2142.00,62.55,2.50,,,,47.5625100,-52.7100000,,,,,0
2026-09-21T14:17:33.000Z,253.000,253,192,88.0,132,8.500,2150.50,62.60,2.50,,,,47.5625200,-52.7100000,,,,,0
2026-09-21T14:17:34.000Z,254.000,254,193,88.0,133,8.500,2159.00,62.65,2.50,,,,47.5625300,-52.7100000,,,,,0
2026-09-21T14:17:35.000Z,255.000,255,194,88.0,134,8.500,2167.50,62.70,2.50,,,,47.5625400,-52.7100000,,,,,0
2026-09-21T14:17:36.000Z,256.000,256,195,88.0,135,8.500,2176.00,62.75,2.50,,,,47.5625500,-52.7100000,,,,,0
2026-09-21T14:17:37.000Z,257.000,257,196,88.0,136,8.500,2184.50,62.80,2.50,,,,47.5625600,-52.7100000,,,,,0
2026-09-21T14:17:38.000Z,258.000,258,197,88.0,137,8.500,2193.00,62.85,2.50,,,,47.5625700,-52.7100000,,,,,0
2026-09-21T14:17:39.000Z,259.000,259,198,88.0,138,8.500,2201.50,62.90,2.50,,,,47.5625800,-52.7100000,,,,,0
2026-09-21T14:17:40.000Z,260.000,260,199,88.0,139,8.500,2210.00,62.95,2.50,,,,47.5625900,-52.7100000,,,,,0
2026-09-21T14:17:41.000Z,261.000,261,180,88.0,140,8.500,2218.50,63.00,2.50,,,,47.5626000,-52.7100000,,,,,0
2026-09-21T14:17:42.000Z,262.000,262,181,88.0,141,8.500,2227.00,63.05,2.50,,,,47.5626100,-52.7100000,,,,,0
2026-09-21T14:17:43.000Z,263.000,263,182,88.0,142,8.500,2235.50,63.10,2.50,,,,47.5626200,-52.7100000,,,,,0
2026-09-21T14:17:44.000Z,264.000,264,183,88.0,143,8.500,2244.00,63.15,2.50,,,,47.5626300,-52.7100000,,,,,0
2026-09-21T14:17:45.000Z,265.000,265,184,88.0,144,8.500,2252.50,63.20,2.50,,,,47.5626400,-52.7100000,,,,,0
2026-09-21T14:17:46.000Z,266.000,266,185,88.0,145,8.500,2261.00,63.25,2.50,,,,47.5626500,-52.7100000,,,,,0
2026-09-21T14:17:47.000Z,267.000,267,186,88.0,146,8.500,2269.50,63.30,2.50,,,,47.5626600,-52.7100000,,,,,0
2026-09-21T14:17:48.000Z,268.000,268,187,88.0,147,8.500,2278.00,63.35,2.50,,,,47.5626700,-52.7100000,,,,,0
2026-09-21T14:17:49.000Z,269.000,269,188,88.0,148,8.500,2286.50,63.40,2.50,,,,47.5626800,-52.7100000,,,,,0
2026-09-21T14:17:50.000Z,270.000,270,189,88.0,149,8.500,2295.00,63.45,2.50,,,,47.5626900,-52.7100000,,,,,0
2026-09-21T14:17:51.000Z,271.000,271,190,88.0,150,8.500,2303.50,63.50,2.50,,,,47.5627000,-52.7100000,,,,,0
2026-09-21T14:17:52.000Z,272.000,272,191,88.0,151,8.500,2312.00,63.55,2.50,,,,47.5627100,-52.7100000,,,,,0
2026-09-21T14:17:53.000Z,273.000,273,192,88.0,152,8.500,2320.50,63.60,2.50,,,,47.5627200,-52.7100000,,,,,0
2026-09-21T14:17:54.000Z,274.000,274,193,88.0,153,8.500,2329.00,63.65,2.50,,,,47.5627300,-52.7100000,,,,,0
2026-09-21T14:17:55.000Z,275.000,275,194,88.0,154,8.500,2337.50,63.70,2.50,,,,47.5627400,-52.7100000,,,,,0
2026-09-21T14:17:56.000Z,276.000,276,195,88.0,155,8.500,2346.00,63.75,2.50,,,,47.5627500,-52.7100000,,,,,0
2026-09-21T14:17:57.000Z,277.000,277,196,88.0,156,8.500,2354.50,63.80,2.50,,,,47.5627600,-52.7100000,,,,,0
2026-09-21T14:17:58.000Z,278.000,278,197,88.0,157,8.500,2363.00,63.85,2.50,,,,47.5627700,-52.7100000,,,,,0
2026-09-21T14:17:59.000Z,279.000,279,198,88.0,158,8.500,2371.50,63.90,2.50,,,,47.5627800,-52.7100000,,,,,0
2026-09-21T14:18:00.000Z,280.000,280,199,88.0,159,8.500,2380.00,63.95,2.50,,,,47.5627900,-52.7100000,,,,,0
2026-09-21T14:18:01.000Z,281.000,281,180,88.0,120,8.500,2388.50,64.00,2.50,,,,47.5628000,-52.7100000,,,,,0
2026-09-21T14:18:02.000Z,282.000,282,181,88.0,121,8.500,2397.00,64.05,2.50,,,,47.5628100,-52.7100000,,,,,0
2026-09-21T14:18:03.000Z,283.000,283,182,88.0,122,8.500,2405.50,64.10,2.50,,,,47.5628200,-52.7100000,,,,,0
2026-09-21T14:18:04.000Z,284.000,284,183,88.0,123,8.500,2414.00,64.15,2.50,,,,47.5628300,-52.7100000,,,,,0
2026-09-21T14:18:05.000Z,285.000,285,184,88.0,124,8.500,2422.50,64.20,2.50,,,,47.5628400,-52.7100000,,,,,0
2026-09-21T14:18:06.000Z,286.000,286,185,88.0,125,8.500,2431.00,64.25,2.50,,,,47.5628500,-52.7100000,,,,,0
2026-09-21T14:18:07.000Z,287.000,287,186,88.0,126,8.500,2439.50,64.30,2.50,,,,47.5628600,-52.7100000,,,,,0
2026-09-21T14:18:08.000Z,288.000,288,187,88.0,127,8.500,2448.00,64.35,2.50,,,,47.5628700,-52.7100000,,,,,0
2026-09-21T14:18:09.000Z,289.000,289,188,88.0,128,8.500,2456.50,64.40,2.50,,,,47.5628800,-52.7100000,,,,,0
2026-09-21T14:18:10.000Z,290.000,290,189,88.0,129,8.500,2465.00,64.45,2.50,,,,47.5628900,-52.7100000,,,,,0
2026-09-21T14:18:11.000Z,291.000,291,190,88.0,130,8.500,2473.50,64.50,2.50,,,,47.5629000,-52.7100000,,,,,0
2026-09-21T14:18:12.000Z,292.000,292,191,88.0,131,8.500,2482.00,64.55,2.50,,,,47.5629100,-52.7100000,,,,,0
2026-09-21T14:18:13.000Z,293.000,293,192,88.0,132,8.500,2490.50,64.60,2.50,,,,47.5629200,-52.7100000,,,,,0
2026-09-21T14:18:14.000Z,294.000,294,193,88.0,133,8.500,2499.00,64.65,2.50,,,,47.5629300,-52.7100000,,,,,0
2026-09-21T14:18:15.000Z,295.000,295,194,88.0,134,8.500,2507.50,64.70,2.50,,,,47.5629400,-52.7100000,,,,,0
2026-09-21T14:18:16.000Z,296.000,296,195,88.0,135,8.500,2516.00,64.75,2.50,,,,47.5629500,-52.7100000,,,,,0
2026-09-21T14:18:17.000Z,297.000,297,196,88.0,136,8.500,2524.50,64.80,2.50,,,,47.5629600,-52.7100000,,,,,0
2026-09-21T14:18:18.000Z,298.000,298,197,88.0,137,8.500,2533.00,64.85,2.50,,,,47.5629700,-52.7100000,,,,,0
2026-09-21T14:18:19.000Z,299.000,299,198,88.0,138,8.500,2541.50,64.90,2.50,,,,47.5629800,-52.7100000,,,,,0
2026-09-21T14:18:20.000Z,300.000,300,199,88.0,139,8.500,2550.00,64.95,2.50,,,,47.5629900,-52.7100000,,,,,0
2026-09-21T14:19:21.000Z,361.000,301,180,88.0,140,8.500,2558.50,65.00,2.50,,,,47.5630000,-52.7100000,,,,,0
2026-09-21T14:19:22.000Z,362.000,302,181,88.0,141,8.500,2567.00,65.05,2.50,,,,47.5630100,-52.7100000,,,,,0
2026-09-21T14:19:23.000Z,363.000,303,182,88.0,142,8.500,2575.50,65.10,2.50,,,,47.5630200,-52.7100000,,,,,0
2026-09-21T14:19:24.000Z,364.000,304,183,88.0,143,8.500,2584.00,65.15,2.50,,,,47.5630300,-52.7100000,,,,,0
2026-09-21T14:19:25.000Z,365.000,305,184,88.0,144,8.500,2592.50,65.20,2.50,,,,47.5630400,-52.7100000,,,,,0
2026-09-21T14:19:26.000Z,366.000,306,185,88.0,145,8.500,2601.00,65.25,2.50,,,,47.5630500,-52.7100000,,,,,0
2026-09-21T14:19:27.000Z,367.000,307,186,88.0,146,8.500,2609.50,65.30,2.50,,,,47.5630600,-52.7100000,,,,,0
2026-09-21T14:19:28.000Z,368.000,308,187,88.0,147,8.500,2618.00,65.35,2.50,,,,47.5630700,-52.7100000,,,,,0
2026-09-21T14:19:29.000Z,369.000,309,188,88.0,148,8.500,2626.50,65.40,2.50,,,,47.5630800,-52.7100000,,,,,0
2026-09-21T14:19:30.000Z,370.000,310,189,88.0,149,8.500,2635.00,65.45,2.50,,,,47.5630900,-52.7100000,,,,,0
2026-09-21T14:19:31.000Z,371.000,311,190,88.0,150,8.500,2643.50,65.50,2.50,,,,47.5631000,-52.7100000,,,,,0
2026-09-21T14:19:32.000Z,372.000,312,191,88.0,151,8.500,2652.00,65.55,2.50,,,,47.5631100,-52.7100000,,,,,0
2026-09-21T14:19:33.000Z,373.000,313,192,88.0,152,8.500,2660.50,65.60,2.50,,,,47.5631200,-52.7100000,,,,,0
2026-09-21T14:19:34.000Z,374.000,314,193,88.0,153,8.500,2669.00,65.65,2.50,,,,47.5631300,-52.7100000,,,,,0
2026-09-21T14:19:35.000Z,375.000,315,194,88.0,154,8.500,2677.50,65.70,2.50,,,,47.5631400,-52.7100000,,,,,0
2026-09-21T14:19:36.000Z,376.000,316,195,88.0,155,8.500,2686.00,65.75,2.50,,,,47.5631500,-52.7100000,,,,,0
2026-09-21T14:19:37.000Z,377.000,317,196,88.0,156,8.500,2694.50,65.80,2.50,,,,47.5631600,-52.7100000,,,,,0
2026-09-21T14:19:38.000Z,378.000,318,197,88.0,157,8.500,2703.00,65.85,2.50,,,,47.5631700,-52.7100000,,,,,0
2026-09-21T14:19:39.000Z,379.000,319,198,88.0,158,8.500,2711.50,65.90,2.50,,,,47.5631800,-52.7100000,,,,,0
2026-09-21T14:19:40.000Z,380.000,320,199,88.0,159,8.500,2720.00,65.95,2.50,,,,47.5631900,-52.7100000,,,,,0
2026-09-21T14:19:41.000Z,381.000,321,180,88.0,120,8.500,2728.50,66.00,2.50,,,,47.5632000,-52.7100000,,,,,0
2026-09-21T14:19:42.000Z,382.000,322,181,88.0,121,8.500,2737.00,66.05,2.50,,,,47.5632100,-52.7100000,,,,,0
2026-09-21T14:19:43.000Z,383.000,323,182,88.0,122,8.500,2745.50,66.10,2.50,,,,47.5632200,-52.7100000,,,,,0
2026-09-21T14:19:44.000Z,384.000,324,183,88.0,123,8.500,2754.00,66.15,2.50,,,,47.5632300,-52.7100000,,,,,0
2026-09-21T14:19:45.000Z,385.000,325,184,88.0,124,8.500,2762.50,66.20,2.50,,,,47.5632400,-52.7100000,,,,,0
2026-09-21T14:19:46.000Z,386.000,326,185,88.0,125,8.500,2771.00,66.25,2.50,,,,47.5632500,-52.7100000,,,,,0
2026-09-21T14:19:47.000Z,387.000,327,186,88.0,126,8.500,2779.50,66.30,2.50,,,,47.5632600,-52.7100000,,,,,0
2026-09-21T14:19:48.000Z,388.000,328,187,88.0,127,8.500,2788.00,66.35,2.50,,,,47.5632700,-52.7100000,,,,,0
2026-09-21T14:19:49.000Z,389.000,329,188,88.0,128,8.500,2796.50,66.40,2.50,,,,47.5632800,-52.7100000,,,,,0
2026-09-21T14:19:50.000Z,390.000,330,189,88.0,129,8.500,2805.00,66.45,2.50,,,,47.5632900,-52.7100000,,,,,0
2026-09-21T14:19:51.000Z,391.000,331,190,88.0,130,8.500,2813.50,66.50,2.50,,,,47.5633000,-52.7100000,,,,,0
2026-09-21T14:19:52.000Z,392.000,332,191,88.0,131,8.500,2822.00,66.55,2.50,,,,47.5633100,-52.7100000,,,,,0
2026-09-21T14:19:53.000Z,393.000,333,192,88.0,132,8.500,2830.50,66.60,2.50,,,,47.5633200,-52.7100000,,,,,0
2026-09-21T14:19:54.000Z,394.000,334,193,88.0,133,8.500,2839.00,66.65,2.50,,,,47.5633300,-52.7100000,,,,,0
2026-09-21T14:19:55.000Z,395.000,335,194,88.0,134,8.500,2847.50,66.70,2.50,,,,47.5633400,-52.7100000,,,,,0
2026-09-21T14:19:56.000Z,396.000,336,195,88.0,135,8.500,2856.00,66.75,2.50,,,,47.5633500,-52.7100000,,,,,0
2026-09-21T14:19:57.000Z,397.000,337,196,88.0,136,8.500,2864.50,66.80,2.50,,,,47.5633600,-52.7100000,,,,,0
2026-09-21T14:19:58.000Z,398.000,338,197,88.0,137,8.500,2873.00,66.85,2.50,,,,47.5633700,-52.7100000,,,,,0
2026-09-21T14:19:59.000Z,399.000,339,198,88.0,138,8.500,2881.50,66.90,2.50,,,,47.5633800,-52.7100000,,,,,0
2026-09-21T14:20:00.000Z,400.000,340,199,88.0,139,8.500,2890.00,66.95,2.50,,,,47.5633900,-52.7100000,,,,,0
2026-09-21T14:20:01.000Z,401.000,341,180,88.0,140,8.500,2898.50,67.00,2.50,,,,47.5634000,-52.7100000,,,,,0
2026-09-21T14:20:02.000Z,402.000,342,181,88.0,141,8.500,2907.00,67.05,2.50,,,,47.5634100,-52.7100000,,,,,0
2026-09-21T14:20:03.000Z,403.000,343,182,88.0,142,8.500,2915.50,67.10,2.50,,,,47.5634200,-52.7100000,,,,,0
2026-09-21T14:20:04.000Z,404.000,344,183,88.0,143,8.500,2924.00,67.15,2.50,,,,47.5634300,-52.7100000,,,,,0
2026-09-21T14:20:05.000Z,405.000,345,184,88.0,144,8.500,2932.50,67.20,2.50,,,,47.5634400,-52.7100000,,,,,0
2026-09-21T14:20:06.000Z,406.000,346,185,88.0,145,8.500,2941.00,67.25,2.50,,,,47.5634500,-52.7100000,,,,,0
2026-09-21T14:20:07.000Z,407.000,347,186,88.0,146,8.500,2949.50,67.30,2.50,,,,47.5634600,-52.7100000,,,,,0
2026-09-21T14:20:08.000Z,408.000,348,187,88.0,147,8.500,2958.00,67.35,2.50,,,,47.5634700,-52.7100000,,,,,0
2026-09-21T14:20:09.000Z,409.000,349,188,88.0,148,8.500,2966.50,67.40,2.50,,,,47.5634800,-52.7100000,,,,,0
2026-09-21T14:20:10.000Z,410.000,350,189,88.0,149,8.500,2975.00,67.45,2.50,,,,47.5634900,-52.7100000,,,,,0
2026-09-21T14:20:11.000Z,411.000,351,190,88.0,150,8.500,2983.50,67.50,2.50,,,,47.5635000,-52.7100000,,,,,0
2026-09-21T14:20:12.000Z,412.000,352,191,88.0,151,8.500,2992.00,67.55,2.50,,,,47.5635100,-52.7100000,,,,,0
2026-09-21T14:20:13.000Z,413.000,353,192,88.0,152,8.500,3000.50,67.60,2.50,,,,47.5635200,-52.7100000,,,,,0
2026-09-21T14:20:14.000Z,414.000,354,193,88.0,153,8.500,3009.00,67.65,2.50,,,,47.5635300,-52.7100000,,,,,0
2026-09-21T14:20:15.000Z,415.000,355,194,88.0,154,8.500,3017.50,67.70,2.50,,,,47.5635400,-52.7100000,,,,,0
2026-09-21T14:20:16.000Z,416.000,356,195,88.0,155,8.500,3026.00,67.75,2.50,,,,47.5635500,-52.7100000,,,,,0
2026-09-21T14:20:17.000Z,417.000,357,196,88.0,156,8.500,3034.50,67.80,2.50,,,,47.5635600,-52.7100000,,,,,0
2026-09-21T14:20:18.000Z,418.000,358,197,88.0,157,8.500,3043.00,67.85,2.50,,,,47.5635700,-52.7100000,,,,,0
2026-09-21T14:20:19.000Z,419.000,359,198,88.0,158,8.500,3051.50,67.90,2.50,,,,47.5635800,-52.7100000,,,,,0
2026-09-21T14:20:20.000Z,420.000,360,199,88.0,159,8.500,3060.00,67.95,2.50,,,,47.5635900,-52.7100000,,,,,0
2026-09-21T14:20:21.000Z,421.000,361,180,88.0,120,8.500,3068.50,68.00,2.50,,,,47.5636000,-52.7100000,,,,,0
2026-09-21T14:20:22.000Z,422.000,362,181,88.0,121,8.500,3077.00,68.05,2.50,,,,47.5636100,-52.7100000,,,,,0
2026-09-21T14:20:23.000Z,423.000,363,182,88.0,122,8.500,3085.50,68.10,2.50,,,,47.5636200,-52.7100000,,,,,0
2026-09-21T14:20:24.000Z,424.000,364,183,88.0,123,8.500,3094.00,68.15,2.50,,,,47.5636300,-52.7100000,,,,,0
2026-09-21T14:20:25.000Z,425.000,365,184,88.0,124,8.500,3102.50,68.20,2.50,,,,47.5636400,-52.7100000,,,,,0
2026-09-21T14:20:26.000Z,426.000,366,185,88.0,125,8.500,3111.00,68.25,2.50,,,,47.5636500,-52.7100000,,,,,0
2026-09-21T14:20:27.000Z,427.000,367,186,88.0,126,8.500,3119.50,68.30,2.50,,,,47.5636600,-52.7100000,,,,,0
2026-09-21T14:20:28.000Z,428.000,368,187,88.0,127,8.500,3128.00,68.35,2.50,,,,47.5636700,-52.7100000,,,,,0
2026-09-21T14:20:29.000Z,429.000,369,188,88.0,128,8.500,3136.50,68.40,2.50,,,,47.5636800,-52.7100000,,,,,0
2026-09-21T14:20:30.000Z,430.000,370,189,88.0,129,8.500,3145.00,68.45,2.50,,,,47.5636900,-52.7100000,,,,,0
2026-09-21T14:20:31.000Z,431.000,371,190,88.0,130,8.500,3153.50,68.50,2.50,,,,47.5637000,-52.7100000,,,,,0
2026-09-21T14:20:32.000Z,432.000,372,191,88.0,131,8.500,3162.00,68.55,2.50,,,,47.5637100,-52.7100000,,,,,0
2026-09-21T14:20:33.000Z,433.000,373,192,88.0,132,8.500,3170.50,68.60,2.50,,,,47.5637200,-52.7100000,,,,,0
2026-09-21T14:20:34.000Z,434.000,374,193,88.0,133,8.500,3179.00,68.65,2.50,,,,47.5637300,-52.7100000,,,,,0
2026-09-21T14:20:35.000Z,435.000,375,194,88.0,134,8.500,3187.50,68.70,2.50,,,,47.5637400,-52.7100000,,,,,0
2026-09-21T14:20:36.000Z,436.000,376,195,88.0,135,8.500,3196.00,68.75,2.50,,,,47.5637500,-52.7100000,,,,,0
2026-09-21T14:20:37.000Z,437.000,377,196,88.0,136,8.500,3204.50,68.80,2.50,,,,47.5637600,-52.7100000,,,,,0
2026-09-21T14:20:38.000Z,438.000,378,197,88.0,137,8.500,3213.00,68.85,2.50,,,,47.5637700,-52.7100000,,,,,0
2026-09-21T14:20:39.000Z,439.000,379,198,88.0,138,8.500,3221.50,68.90,2.50,,,,47.5637800,-52.7100000,,,,,0
2026-09-21T14:20:40.000Z,440.000,380,199,88.0,139,8.500,3230.00,68.95,2.50,,,,47.5637900,-52.7100000,,,,,0
2026-09-21T14:20:41.000Z,441.000,381,180,88.0,140,8.500,3238.50,69.00,2.50,,,,47.5638000,-52.7100000,,,,,0
2026-09-21T14:20:42.000Z,442.000,382,181,88.0,141,8.500,3247.00,69.05,2.50,,,,47.5638100,-52.7100000,,,,,0
2026-09-21T14:20:43.000Z,443.000,383,182,88.0,142,8.500,3255.50,69.10,2.50,,,,47.5638200,-52.7100000,,,,,0
2026-09-21T14:20:44.000Z,444.000,384,183,88.0,143,8.500,3264.00,69.15,2.50,,,,47.5638300,-52.7100000,,,,,0
2026-09-21T14:20:45.000Z,445.000,385,184,88.0,144,8.500,3272.50,69.20,2.50,,,,47.5638400,-52.7100000,,,,,0
2026-09-21T14:20:46.000Z,446.000,386,185,88.0,145,8.500,3281.00,69.25,2.50,,,,47.5638500,-52.7100000,,,,,0
2026-09-21T14:20:47.000Z,447.000,387,186,88.0,146,8.500,3289.50,69.30,2.50,,,,47.5638600,-52.7100000,,,,,0
2026-09-21T14:20:48.000Z,448.000,388,187,88.0,147,8.500,3298.00,69.35,2.50,,,,47.5638700,-52.7100000,,,,,0
2026-09-21T14:20:49.000Z,449.000,389,188,88.0,148,8.500,3306.50,69.40,2.50,,,,47.5638800,-52.7100000,,,,,0
2026-09-21T14:20:50.000Z,450.000,390,189,88.0,149,8.500,3315.00,69.45,2.50,,,,47.5638900,-52.7100000,,,,,0
2026-09-21T14:20:51.000Z,451.000,391,190,88.0,150,8.500,3323.50,69.50,2.50,,,,47.5639000,-52.7100000,,,,,0
2026-09-21T14:20:52.000Z,452.000,392,191,88.0,151,8.500,3332.00,69.55,2.50,,,,47.5639100,-52.7100000,,,,,0
2026-09-21T14:20:53.000Z,453.000,393,192,88.0,152,8.500,3340.50,69.60,2.50,,,,47.5639200,-52.7100000,,,,,0
2026-09-21T14:20:54.000Z,454.000,394,193,88.0,153,8.500,3349.00,69.65,2.50,,,,47.5639300,-52.7100000,,,,,0
2026-09-21T14:20:55.000Z,455.000,395,194,88.0,154,8.500,3357.50,69.70,2.50,,,,47.5639400,-52.7100000,,,,,0
2026-09-21T14:20:56.000Z,456.000,396,195,88.0,155,8.500,3366.00,69.75,2.50,,,,47.5639500,-52.7100000,,,,,0
2026-09-21T14:20:57.000Z,457.000,397,196,88.0,156,8.500,3374.50,69.80,2.50,,,,47.5639600,-52.7100000,,,,,0
2026-09-21T14:20:58.000Z,458.000,398,197,88.0,157,8.500,3383.00,69.85,2.50,,,,47.5639700,-52.7100000,,,,,0
2026-09-21T14:20:59.000Z,459.000,399,198,88.0,158,8.500,3391.50,69.90,2.50,,,,47.5639800,-52.7100000,,,,,0
2026-09-21T14:21:00.000Z,460.000,400,199,88.0,159,8.500,3400.00,69.95,2.50,,,,47.5639900,-52.7100000,,,,,0
2026-09-21T14:21:01.000Z,461.000,401,180,88.0,120,8.500,3408.50,70.00,2.50,,,,47.5640000,-52.7100000,,,,,0
2026-09-21T14:21:02.000Z,462.000,402,181,88.0,121,8.500,3417.00,70.05,2.50,,,,47.5640100,-52.7100000,,,,,0
2026-09-21T14:21:03.000Z,463.000,403,182,88.0,122,8.500,3425.50,70.10,2.50,,,,47.5640200,-52.7100000,,,,,0
2026-09-21T14:21:04.000Z,464.000,404,183,88.0,123,8.500,3434.00,70.15,2.50,,,,47.5640300,-52.7100000,,,,,0
2026-09-21T14:21:05.000Z,465.000,405,184,88.0,124,8.500,3442.50,70.20,2.50,,,,47.5640400,-52.7100000,,,,,0
2026-09-21T14:21:06.000Z,466.000,406,185,88.0,125,8.500,3451.00,70.25,2.50,,,,47.5640500,-52.7100000,,,,,0
2026-09-21T14:21:07.000Z,467.000,407,186,88.0,126,8.500,3459.50,70.30,2.50,,,,47.5640600,-52.7100000,,,,,0
2026-09-21T14:21:08.000Z,468.000,408,187,88.0,127,8.500,3468.00,70.35,2.50,,,,47.5640700,-52.7100000,,,,,0
2026-09-21T14:21:09.000Z,469.000,409,188,88.0,128,8.500,3476.50,70.40,2.50,,,,47.5640800,-52.7100000,,,,,0
2026-09-21T14:21:10.000Z,470.000,410,189,88.0,129,8.500,3485.00,70.45,2.50,,,,47.5640900,-52.7100000,,,,,0
2026-09-21T14:21:11.000Z,471.000,411,190,88.0,130,8.500,3493.50,70.50,2.50,,,,47.5641000,-52.7100000,,,,,0
2026-09-21T14:21:12.000Z,472.000,412,191,88.0,131,8.500,3502.00,70.55,2.50,,,,47.5641100,-52.7100000,,,,,0
2026-09-21T14:21:13.000Z,473.000,413,192,88.0,132,8.500,3510.50,70.60,2.50,,,,47.5641200,-52.7100000,,,,,0
2026-09-21T14:21:14.000Z,474.000,414,193,88.0,133,8.500,3519.00,70.65,2.50,,,,47.5641300,-52.7100000,,,,,0
2026-09-21T14:21:15.000Z,475.000,415,194,88.0,134,8.500,3527.50,70.70,2.50,,,,47.5641400,-52.7100000,,,,,0
2026-09-21T14:21:16.000Z,476.000,416,195,88.0,135,8.500,3536.00,70.75,2.50,,,,47.5641500,-52.7100000,,,,,0
2026-09-21T14:21:17.000Z,477.000,417,196,88.0,136,8.500,3544.50,70.80,2.50,,,,47.5641600,-52.7100000,,,,,0
2026-09-21T14:21:18.000Z,478.000,418,197,88.0,137,8.500,3553.00,70.85,2.50,,,,47.5641700,-52.7100000,,,,,0
2026-09-21T14:21:19.000Z,479.000,419,198,88.0,138,8.500,3561.50,70.90,2.50,,,,47.5641800,-52.7100000,,,,,0
2026-09-21T14:21:20.000Z,480.000,420,199,88.0,139,8.500,3570.00,70.95,2.50,,,,47.5641900,-52.7100000,,,,,0
2026-09-21T14:21:21.000Z,481.000,421,180,88.0,140,8.500,3578.50,71.00,2.50,,,,47.5642000,-52.7100000,,,,,0
2026-09-21T14:21:22.000Z,482.000,422,181,88.0,141,8.500,3587.00,71.05,2.50,,,,47.5642100,-52.7100000,,,,,0
2026-09-21T14:21:23.000Z,483.000,423,182,88.0,142,8.500,3595.50,71.10,2.50,,,,47.5642200,-52.7100000,,,,,0
2026-09-21T14:21:24.000Z,484.000,424,183,88.0,143,8.500,3604.00,71.15,2.50,,,,47.5642300,-52.7100000,,,,,0
2026-09-21T14:21:25.000Z,485.000,425,184,88.0,144,8.500,3612.50,71.20,2.50,,,,47.5642400,-52.7100000,,,,,0
2026-09-21T14:21:26.000Z,486.000,426,185,88.0,145,8.500,3621.00,71.25,2.50,,,,47.5642500,-52.7100000,,,,,0
2026-09-21T14:21:27.000Z,487.000,427,186,88.0,146,8.500,3629.50,71.30,2.50,,,,47.5642600,-52.7100000,,,,,0
2026-09-21T14:21:28.000Z,488.000,428,187,88.0,147,8.500,3638.00,71.35,2.50,,,,47.5642700,-52.7100000,,,,,0
2026-09-21T14:21:29.000Z,489.000,429,188,88.0,148,8.500,3646.50,71.40,2.50,,,,47.5642800,-52.7100000,,,,,0
2026-09-21T14:21:30.000Z,490.000,430,189,88.0,149,8.500,3655.00,71.45,2.50,,,,47.5642900,-52.7100000,,,,,0
2026-09-21T14:21:31.000Z,491.000,431,190,88.0,150,8.500,3663.50,71.50,2.50,,,,47.5643000,-52.7100000,,,,,0
2026-09-21T14:21:32.000Z,492.000,432,191,88.0,151,8.500,3672.00,71.55,2.50,,,,47.5643100,-52.7100000,,,,,0
2026-09-21T14:21:33.000Z,493.000,433,192,88.0,152,8.500,3680.50,71.60,2.50,,,,47.5643200,-52.7100000,,,,,0
2026-09-21T14:21:34.000Z,494.000,434,193,88.0,153,8.500,3689.00,71.65,2.50,,,,47.5643300,-52.7100000,,,,,0
2026-09-21T14:21:35.000Z,495.000,435,194,88.0,154,8.500,3697.50,71.70,2.50,,,,47.5643400,-52.7100000,,,,,0
2026-09-21T14:21:36.000Z,496.000,436,195,88.0,155,8.500,3706.00,71.75,2.50,,,,47.5643500,-52.7100000,,,,,0
2026-09-21T14:21:37.000Z,497.000,437,196,88.0,156,8.500,3714.50,71.80,2.50,,,,47.5643600,-52.7100000,,,,,0
2026-09-21T14:21:38.000Z,498.000,438,197,88.0,157,8.500,3723.00,71.85,2.50,,,,47.5643700,-52.7100000,,,,,0
2026-09-21T14:21:39.000Z,499.000,439,198,88.0,158,8.500,3731.50,71.90,2.50,,,,47.5643800,-52.7100000,,,,,0
2026-09-21T14:21:40.000Z,500.000,440,199,88.0,159,8.500,3740.00,71.95,2.50,,,,47.5643900,-52.7100000,,,,,0
2026-09-21T14:21:41.000Z,501.000,441,180,88.0,120,8.500,3748.50,72.00,2.50,,,,47.5644000,-52.7100000,,,,,0
2026-09-21T14:21:42.000Z,502.000,442,181,88.0,121,8.500,3757.00,72.05,2.50,,,,47.5644100,-52.7100000,,,,,0
2026-09-21T14:21:43.000Z,503.000,443,182,88.0,122,8.500,3765.50,72.10,2.50,,,,47.5644200,-52.7100000,,,,,0
2026-09-21T14:21:44.000Z,504.000,444,183,88.0,123,8.500,3774.00,72.15,2.50,,,,47.5644300,-52.7100000,,,,,0
2026-09-21T14:21:45.000Z,505.000,445,184,88.0,124,8.500,3782.50,72.20,2.50,,,,47.5644400,-52.7100000,,,,,0
2026-09-21T14:21:46.000Z,506.000,446,185,88.0,125,8.500,3791.00,72.25,2.50,,,,47.5644500,-52.7100000,,,,,0
2026-09-21T14:21:47.000Z,507.000,447,186,88.0,126,8.500,3799.50,72.30,2.50,,,,47.5644600,-52.7100000,,,,,0
2026-09-21T14:21:48.000Z,508.000,448,187,88.0,127,8.500,3808.00,72.35,2.50,,,,47.5644700,-52.7100000,,,,,0
2026-09-21T14:21:49.000Z,509.000,449,188,88.0,128,8.500,3816.50,72.40,2.50,,,,47.5644800,-52.7100000,,,,,0
2026-09-21T14:21:50.000Z,510.000,450,189,88.0,129,8.500,3825.00,72.45,2.50,,,,47.5644900,-52.7100000,,,,,0
2026-09-21T14:21:51.000Z,511.000,451,190,88.0,130,8.500,3833.50,72.50,2.50,,,,47.5645000,-52.7100000,,,,,0
2026-09-21T14:21:52.000Z,512.000,452,191,88.0,131,8.500,3842.00,72.55,2.50,,,,47.5645100,-52.7100000,,,,,0
2026-09-21T14:21:53.000Z,513.000,453,192,88.0,132,8.500,3850.50,72.60,2.50,,,,47.5645200,-52.7100000,,,,,0
2026-09-21T14:21:54.000Z,514.000,454,193,88.0,133,8.500,3859.00,72.65,2.50,,,,47.5645300,-52.7100000,,,,,0
2026-09-21T14:21:55.000Z,515.000,455,194,88.0,134,8.500,3867.50,72.70,2.50,,,,47.5645400,-52.7100000,,,,,0
2026-09-21T14:21:56.000Z,516.000,456,195,88.0,135,8.500,3876.00,72.75,2.50,,,,47.5645500,-52.7100000,,,,,0
2026-09-21T14:21:57.000Z,517.000,457,196,88.0,136,8.500,3884.50,72.80,2.50,,,,47.5645600,-52.7100000,,,,,0
2026-09-21T14:21:58.000Z,518.000,458,197,88.0,137,8.500,3893.00,72.85,2.50,,,,47.5645700,-52.7100000,,,,,0
2026-09-21T14:21:59.000Z,519.000,459,198,88.0,138,8.500,3901.50,72.90,2.50,,,,47.5645800,-52.7100000,,,,,0
2026-09-21T14:22:00.000Z,520.000,460,199,88.0,139,8.500,3910.00,72.95,2.50,,,,47.5645900,-52.7100000,,,,,0
2026-09-21T14:22:01.000Z,521.000,461,180,88.0,140,8.500,3918.50,73.00,2.50,,,,47.5646000,-52.7100000,,,,,0
2026-09-21T14:22:02.000Z,522.000,462,181,88.0,141,8.500,3927.00,73.05,2.50,,,,47.5646100,-52.7100000,,,,,0
2026-09-21T14:22:03.000Z,523.000,463,182,88.0,142,8.500,3935.50,73.10,2.50,,,,47.5646200,-52.7100000,,,,,0
2026-09-21T14:22:04.000Z,524.000,464,183,88.0,143,8.500,3944.00,73.15,2.50,,,,47.5646300,-52.7100000,,,,,0
2026-09-21T14:22:05.000Z,525.000,465,184,88.0,144,8.500,3952.50,73.20,2.50,,,,47.5646400,-52.7100000,,,,,0
2026-09-21T14:22:06.000Z,526.000,466,185,88.0,145,8.500,3961.00,73.25,2.50,,,,47.5646500,-52.7100000,,,,,0
2026-09-21T14:22:07.000Z,527.000,467,186,88.0,146,8.500,3969.50,73.30,2.50,,,,47.5646600,-52.7100000,,,,,0
2026-09-21T14:22:08.000Z,528.000,468,187,88.0,147,8.500,3978.00,73.35,2.50,,,,47.5646700,-52.7100000,,,,,0
2026-09-21T14:22:09.000Z,529.000,469,188,88.0,148,8.500,3986.50,73.40,2.50,,,,47.5646800,-52.7100000,,,,,0
2026-09-21T14:22:10.000Z,530.000,470,189,88.0,149,8.500,3995.00,73.45,2.50,,,,47.5646900,-52.7100000,,,,,0
2026-09-21T14:22:11.000Z,531.000,471,190,88.0,150,8.500,4003.50,73.50,2.50,,,,47.5647000,-52.7100000,,,,,0
2026-09-21T14:22:12.000Z,532.000,472,191,88.0,151,8.500,4012.00,73.55,2.50,,,,47.5647100,-52.7100000,,,,,0
2026-09-21T14:22:13.000Z,533.000,473,192,88.0,152,8.500,4020.50,73.60,2.50,,,,47.5647200,-52.7100000,,,,,0
2026-09-21T14:22:14.000Z,534.000,474,193,88.0,153,8.500,4029.00,73.65,2.50,,,,47.5647300,-52.7100000,,,,,0
2026-09-21T14:22:15.000Z,535.000,475,194,88.0,154,8.500,4037.50,73.70,2.50,,,,47.5647400,-52.7100000,,,,,0
2026-09-21T14:22:16.000Z,536.000,476,195,88.0,155,8.500,4046.00,73.75,2.50,,,,47.5647500,-52.7100000,,,,,0
2026-09-21T14:22:17.000Z,537.000,477,196,88.0,156,8.500,4054.50,73.80,2.50,,,,47.5647600,-52.7100000,,,,,0
2026-09-21T14:22:18.000Z,538.000,478,197,88.0,157,8.500,4063.00,73.85,2.50,,,,47.5647700,-52.7100000,,,,,0
2026-09-21T14:22:19.000Z,539.000,479,198,88.0,158,8.500,4071.50,73.90,2.50,,,,47.5647800,-52.7100000,,,,,0
2026-09-21T14:22:20.000Z,540.000,480,199,88.0,159,8.500,4080.00,73.95,2.50,,,,47.5647900,-52.7100000,,,,,0
2026-09-21T14:22:21.000Z,541.000,481,180,88.0,120,8.500,4088.50,74.00,2.50,,,,47.5648000,-52.7100000,,,,,0
2026-09-21T14:22:22.000Z,542.000,482,181,88.0,121,8.500,4097.00,74.05,2.50,,,,47.5648100,-52.7100000,,,,,0
2026-09-21T14:22:23.000Z,543.000,483,182,88.0,122,8.500,4105.50,74.10,2.50,,,,47.5648200,-52.7100000,,,,,0
2026-09-21T14:22:24.000Z,544.000,484,183,88.0,123,8.500,4114.00,74.15,2.50,,,,47.5648300,-52.7100000,,,,,0
2026-09-21T14:22:25.000Z,545.000,485,184,88.0,124,8.500,4122.50,74.20,2.50,,,,47.5648400,-52.7100000,,,,,0
2026-09-21T14:22:26.000Z,546.000,486,185,88.0,125,8.500,4131.00,74.25,2.50,,,,47.5648500,-52.7100000,,,,,0
2026-09-21T14:22:27.000Z,547.000,487,186,88.0,126,8.500,4139.50,74.30,2.50,,,,47.5648600,-52.7100000,,,,,0
2026-09-21T14:22:28.000Z,548.000,488,187,88.0,127,8.500,4148.00,74.35,2.50,,,,47.5648700,-52.7100000,,,,,0
2026-09-21T14:22:29.000Z,549.000,489,188,88.0,128,8.500,4156.50,74.40,2.50,,,,47.5648800,-52.7100000,,,,,0
2026-09-21T14:22:30.000Z,550.000,490,189,88.0,129,8.500,4165.00,74.45,2.50,,,,47.5648900,-52.7100000,,,,,0
2026-09-21T14:22:31.000Z,551.000,491,190,88.0,130,8.500,4173.50,74.50,2.50,,,,47.5649000,-52.7100000,,,,,0
2026-09-21T14:22:32.000Z,552.000,492,191,88.0,131,8.500,4182.00,74.55,2.50,,,,47.5649100,-52.7100000,,,,,0
2026-09-21T14:22:33.000Z,553.000,493,192,88.0,132,8.500,4190.50,74.60,2.50,,,,47.5649200,-52.7100000,,,,,0
2026-09-21T14:22:34.000Z,554.000,494,193,88.0,133,8.500,4199.00,74.65,2.50,,,,47.5649300,-52.7100000,,,,,0
2026-09-21T14:22:35.000Z,555.000,495,194,88.0,134,8.500,4207.50,74.70,2.50,,,,47.5649400,-52.7100000,,,,,0
2026-09-21T14:22:36.000Z,556.000,496,195,88.0,135,8.500,4216.00,74.75,2.50,,,,47.5649500,-52.7100000,,,,,0
2026-09-21T14:22:37.000Z,557.000,497,196,88.0,136,8.500,4224.50,74.80,2.50,,,,47.5649600,-52.7100000,,,,,0
2026-09-21T14:22:38.000Z,558.000,498,197,88.0,137,8.500,4233.00,74.85,2.50,,,,47.5649700,-52.7100000,,,,,0
2026-09-21T14:22:39.000Z,559.000,499,198,88.0,138,8.500,4241.50,74.90,2.50,,,,47.5649800,-52.7100000,,,,,0
2026-09-21T14:22:40.000Z,560.000,500,199,88.0,139,8.500,4250.00,74.95,2.50,,,,47.5649900,-52.7100000,,,,,0
2026-09-21T14:22:41.000Z,561.000,501,180,88.0,140,8.500,4258.50,75.00,2.50,,,,47.5650000,-52.7100000,,,,,0
2026-09-21T14:22:42.000Z,562.000,502,181,88.0,141,8.500,4267.00,75.05,2.50,,,,47.5650100,-52.7100000,,,,,0
2026-09-21T14:22:43.000Z,563.000,503,182,88.0,142,8.500,4275.50,75.10,2.50,,,,47.5650200,-52.7100000,,,,,0
2026-09-21T14:22:44.000Z,564.000,504,183,88.0,143,8.500,4284.00,75.15,2.50,,,,47.5650300,-52.7100000,,,,,0
2026-09-21T14:22:45.000Z,565.000,505,184,88.0,144,8.500,4292.50,75.20,2.50,,,,47.5650400,-52.7100000,,,,,0
2026-09-21T14:22:46.000Z,566.000,506,185,88.0,145,8.500,4301.00,75.25,2.50,,,,47.5650500,-52.7100000,,,,,0
2026-09-21T14:22:47.000Z,567.000,507,186,88.0,146,8.500,4309.50,75.30,2.50,,,,47.5650600,-52.7100000,,,,,0
2026-09-21T14:22:48.000Z,568.000,508,187,88.0,147,8.500,4318.00,75.35,2.50,,,,47.5650700,-52.7100000,,,,,0
2026-09-21T14:22:49.000Z,569.000,509,188,88.0,148,8.500,4326.50,75.40,2.50,,,,47.5650800,-52.7100000,,,,,0
2026-09-21T14:22:50.000Z,570.000,510,189,88.0,149,8.500,4335.00,75.45,2.50,,,,47.5650900,-52.7100000,,,,,0
2026-09-21T14:22:51.000Z,571.000,511,190,88.0,150,8.500,4343.50,75.50,2.50,,,,47.5651000,-52.7100000,,,,,0
2026-09-21T14:22:52.000Z,572.000,512,191,88.0,151,8.500,4352.00,75.55,2.50,,,,47.5651100,-52.7100000,,,,,0
2026-09-21T14:22:53.000Z,573.000,513,192,88.0,152,8.500,4360.50,75.60,2.50,,,,47.5651200,-52.7100000,,,,,0
2026-09-21T14:22:54.000Z,574.000,514,193,88.0,153,8.500,4369.00,75.65,2.50,,,,47.5651300,-52.7100000,,,,,0
2026-09-21T14:22:55.000Z,575.000,515,194,88.0,154,8.500,4377.50,75.70,2.50,,,,47.5651400,-52.7100000,,,,,0
2026-09-21T14:22:56.000Z,576.000,516,195,88.0,155,8.500,4386.00,75.75,2.50,,,,47.5651500,-52.7100000,,,,,0
2026-09-21T14:22:57.000Z,577.000,517,196,88.0,156,8.500,4394.50,75.80,2.50,,,,47.5651600,-52.7100000,,,,,0
2026-09-21T14:22:58.000Z,578.000,518,197,88.0,157,8.500,4403.00,75.85,2.50,,,,47.5651700,-52.7100000,,,,,0
2026-09-21T14:22:59.000Z,579.000,519,198,88.0,158,8.500,4411.50,75.90,2.50,,,,47.5651800,-52.7100000,,,,,0
2026-09-21T14:23:00.000Z,580.000,520,199,88.0,159,8.500,4420.00,75.95,2.50,,,,47.5651900,-52.7100000,,,,,0
2026-09-21T14:23:01.000Z,581.000,521,180,88.0,120,8.500,4428.50,76.00,2.50,,,,47.5652000,-52.7100000,,,,,0
2026-09-21T14:23:02.000Z,582.000,522,181,88.0,121,8.500,4437.00,76.05,2.50,,,,47.5652100,-52.7100000,,,,,0
2026-09-21T14:23:03.000Z,583.000,523,182,88.0,122,8.500,4445.50,76.10,2.50,,,,47.5652200,-52.7100000,,,,,0
2026-09-21T14:23:04.000Z,584.000,524,183,88.0,123,8.500,4454.00,76.15,2.50,,,,47.5652300,-52.7100000,,,,,0
2026-09-21T14:23:05.000Z,585.000,525,184,88.0,124,8.500,4462.50,76.20,2.50,,,,47.5652400,-52.7100000,,,,,0
2026-09-21T14:23:06.000Z,586.000,526,185,88.0,125,8.500,4471.00,76.25,2.50,,,,47.5652500,-52.7100000,,,,,0
2026-09-21T14:23:07.000Z,587.000,527,186,88.0,126,8.500,4479.50,76.30,2.50,,,,47.5652600,-52.7100000,,,,,0
2026-09-21T14:23:08.000Z,588.000,528,187,88.0,127,8.500,4488.00,76.35,2.50,,,,47.5652700,-52.7100000,,,,,0
2026-09-21T14:23:09.000Z,589.000,529,188,88.0,128,8.500,4496.50,76.40,2.50,,,,47.5652800,-52.7100000,,,,,0
2026-09-21T14:23:10.000Z,590.000,530,189,88.0,129,8.500,4505.00,76.45,2.50,,,,47.5652900,-52.7100000,,,,,0
2026-09-21T14:23:11.000Z,591.000,531,190,88.0,130,8.500,4513.50,76.50,2.50,,,,47.5653000,-52.7100000,,,,,0
2026-09-21T14:23:12.000Z,592.000,532,191,88.0,131,8.500,4522.00,76.55,2.50,,,,47.5653100,-52.7100000,,,,,0
2026-09-21T14:23:13.000Z,593.000,533,192,88.0,132,8.500,4530.50,76.60,2.50,,,,47.5653200,-52.7100000,,,,,0
2026-09-21T14:23:14.000Z,594.000,534,193,88.0,133,8.500,4539.00,76.65,2.50,,,,47.5653300,-52.7100000,,,,,0
2026-09-21T14:23:15.000Z,595.000,535,194,88.0,134,8.500,4547.50,76.70,2.50,,,,47.5653400,-52.7100000,,,,,0
2026-09-21T14:23:16.000Z,596.000,536,195,88.0,135,8.500,4556.00,76.75,2.50,,,,47.5653500,-52.7100000,,,,,0
2026-09-21T14:23:17.000Z,597.000,537,196,88.0,136,8.500,4564.50,76.80,2.50,,,,47.5653600,-52.7100000,,,,,0
2026-09-21T14:23:18.000Z,598.000,538,197,88.0,137,8.500,4573.00,76.85,2.50,,,,47.5653700,-52.7100000,,,,,0
2026-09-21T14:23:19.000Z,599.000,539,198,88.0,138,8.500,4581.50,76.90,2.50,,,,47.5653800,-52.7100000,,,,,0
2026-09-21T14:23:20.000Z,600.000,540,199,88.0,139,8.500,4590.00,76.95,2.50,,,,47.5653900,-52.7100000,,,,,0
2026-09-21T14:23:21.000Z,601.000,541,180,88.0,140,8.500,4598.50,77.00,2.50,,,,47.5654000,-52.7100000,,,,,0
2026-09-21T14:23:22.000Z,602.000,542,181,88.0,141,8.500,4607.00,77.05,2.50,,,,47.5654100,-52.7100000,,,,,0
2026-09-21T14:23:23.000Z,603.000,543,182,88.0,142,8.500,4615.50,77.10,2.50,,,,47.5654200,-52.7100000,,,,,0
2026-09-21T14:23:24.000Z,604.000,544,183,88.0,143,8.500,4624.00,77.15,2.50,,,,47.5654300,-52.7100000,,,,,0
2026-09-21T14:23:25.000Z,605.000,545,184,88.0,144,8.500,4632.50,77.20,2.50,,,,47.5654400,-52.7100000,,,,,0
2026-09-21T14:23:26.000Z,606.000,546,185,88.0,145,8.500,4641.00,77.25,2.50,,,,47.5654500,-52.7100000,,,,,0
2026-09-21T14:23:27.000Z,607.000,547,186,88.0,146,8.500,4649.50,77.30,2.50,,,,47.5654600,-52.7100000,,,,,0
2026-09-21T14:23:28.000Z,608.000,548,187,88.0,147,8.500,4658.00,77.35,2.50,,,,47.5654700,-52.7100000,,,,,0
2026-09-21T14:23:29.000Z,609.000,549,188,88.0,148,8.500,4666.50,77.40,2.50,,,,47.5654800,-52.7100000,,,,,0
2026-09-21T14:23:30.000Z,610.000,550,189,88.0,149,8.500,4675.00,77.45,2.50,,,,47.5654900,-52.7100000,,,,,0
2026-09-21T14:23:31.000Z,611.000,551,190,88.0,150,8.500,4683.50,77.50,2.50,,,,47.5655000,-52.7100000,,,,,0
2026-09-21T14:23:32.000Z,612.000,552,191,88.0,151,8.500,4692.00,77.55,2.50,,,,47.5655100,-52.7100000,,,,,0
2026-09-21T14:23:33.000Z,613.000,553,192,88.0,152,8.500,4700.50,77.60,2.50,,,,47.5655200,-52.7100000,,,,,0
2026-09-21T14:23:34.000Z,614.000,554,193,88.0,153,8.500,4709.00,77.65,2.50,,,,47.5655300,-52.7100000,,,,,0
2026-09-21T14:23:35.000Z,615.000,555,194,88.0,154,8.500,4717.50,77.70,2.50,,,,47.5655400,-52.7100000,,,,,0
2026-09-21T14:23:36.000Z,616.000,556,195,88.0,155,8.500,4726.00,77.75,2.50,,,,47.5655500,-52.7100000,,,,,0
2026-09-21T14:23:37.000Z,617.000,557,196,88.0,156,8.500,4734.50,77.80,2.50,,,,47.5655600,-52.7100000,,,,,0
2026-09-21T14:23:38.000Z,618.000,558,197,88.0,157,8.500,4743.00,77.85,2.50,,,,47.5655700,-52.7100000,,,,,0
2026-09-21T14:23:39.000Z,619.000,559,198,88.0,158,8.500,4751.50,77.90,2.50,,,,47.5655800,-52.7100000,,,,,0
2026-09-21T14:23:40.000Z,620.000,560,199,88.0,159,8.500,4760.00,77.95,2.50,,,,47.5655900,-52.7100000,,,,,0
2026-09-21T14:23:41.000Z,621.000,561,180,88.0,120,8.500,4768.50,78.00,2.50,,,,47.5656000,-52.7100000,,,,,0
2026-09-21T14:23:42.000Z,622.000,562,181,88.0,121,8.500,4777.00,78.05,2.50,,,,47.5656100,-52.7100000,,,,,0
2026-09-21T14:23:43.000Z,623.000,563,182,88.0,122,8.500,4785.50,78.10,2.50,,,,47.5656200,-52.7100000,,,,,0
2026-09-21T14:23:44.000Z,624.000,564,183,88.0,123,8.500,4794.00,78.15,2.50,,,,47.5656300,-52.7100000,,,,,0
2026-09-21T14:23:45.000Z,625.000,565,184,88.0,124,8.500,4802.50,78.20,2.50,,,,47.5656400,-52.7100000,,,,,0
2026-09-21T14:23:46.000Z,626.000,566,185,88.0,125,8.500,4811.00,78.25,2.50,,,,47.5656500,-52.7100000,,,,,0
2026-09-21T14:23:47.000Z,627.000,567,186,88.0,126,8.500,4819.50,78.30,2.50,,,,47.5656600,-52.7100000,,,,,0
2026-09-21T14:23:48.000Z,628.000,568,187,88.0,127,8.500,4828.00,78.35,2.50,,,,47.5656700,-52.7100000,,,,,0
2026-09-21T14:23:49.000Z,629.000,569,188,88.0,128,8.500,4836.50,78.40,2.50,,,,47.5656800,-52.7100000,,,,,0
2026-09-21T14:23:50.000Z,630.000,570,189,88.0,129,8.500,4845.00,78.45,2.50,,,,47.5656900,-52.7100000,,,,,0
2026-09-21T14:23:51.000Z,631.000,571,190,88.0,130,8.500,4853.50,78.50,2.50,,,,47.5657000,-52.7100000,,,,,0
2026-09-21T14:23:52.000Z,632.000,572,191,88.0,131,8.500,4862.00,78.55,2.50,,,,47.5657100,-52.7100000,,,,,0
2026-09-21T14:23:53.000Z,633.000,573,192,88.0,132,8.500,4870.50,78.60,2.50,,,,47.5657200,-52.7100000,,,,,0
2026-09-21T14:23:54.000Z,634.000,574,193,88.0,133,8.500,4879.00,78.65,2.50,,,,47.5657300,-52.7100000,,,,,0
2026-09-21T14:23:55.000Z,635.000,575,194,88.0,134,8.500,4887.50,78.70,2.50,,,,47.5657400,-52.7100000,,,,,0
2026-09-21T14:23:56.000Z,636.000,576,195,88.0,135,8.500,4896.00,78.75,2.50,,,,47.5657500,-52.7100000,,,,,0
2026-09-21T14:23:57.000Z,637.000,577,196,88.0,136,8.500,4904.50,78.80,2.50,,,,47.5657600,-52.7100000,,,,,0
2026-09-21T14:23:58.000Z,638.000,578,197,88.0,137,8.500,4913.00,78.85,2.50,,,,47.5657700,-52.7100000,,,,,0
2026-09-21T14:23:59.000Z,639.000,579,198,88.0,138,8.500,4921.50,78.90,2.50,,,,47.5657800,-52.7100000,,,,,0
2026-09-21T14:24:00.000Z,640.000,580,199,88.0,139,8.500,4930.00,78.95,2.50,,,,47.5657900,-52.7100000,,,,,0
2026-09-21T14:24:01.000Z,641.000,581,180,88.0,140,8.500,4938.50,79.00,2.50,,,,47.5658000,-52.7100000,,,,,0
2026-09-21T14:24:02.000Z,642.000,582,181,88.0,141,8.500,4947.00,79.05,2.50,,,,47.5658100,-52.7100000,,,,,0
2026-09-21T14:24:03.000Z,643.000,583,182,88.0,142,8.500,4955.50,79.10,2.50,,,,47.5658200,-52.7100000,,,,,0
2026-09-21T14:24:04.000Z,644.000,584,183,88.0,143,8.500,4964.00,79.15,2.50,,,,47.5658300,-52.7100000,,,,,0
2026-09-21T14:24:05.000Z,645.000,585,184,88.0,144,8.500,4972.50,79.20,2.50,,,,47.5658400,-52.7100000,,,,,0
2026-09-21T14:24:06.000Z,646.000,586,185,88.0,145,8.500,4981.00,79.25,2.50,,,,47.5658500,-52.7100000,,,,,0
2026-09-21T14:24:07.000Z,647.000,587,186,88.0,146,8.500,4989.50,79.30,2.50,,,,47.5658600,-52.7100000,,,,,0
2026-09-21T14:24:08.000Z,648.000,588,187,88.0,147,8.500,4998.00,79.35,2.50,,,,47.5658700,-52.7100000,,,,,0
2026-09-21T14:24:09.000Z,649.000,589,188,88.0,148,8.500,5006.50,79.40,2.50,,,,47.5658800,-52.7100000,,,,,0
2026-09-21T14:24:10.000Z,650.000,590,189,88.0,149,8.500,5015.00,79.45,2.50,,,,47.5658900,-52.7100000,,,,,0
2026-09-21T14:24:11.000Z,651.000,591,190,88.0,150,8.500,5023.50,79.50,2.50,,,,47.5659000,-52.7100000,,,,,0
2026-09-21T14:24:12.000Z,652.000,592,191,88.0,151,8.500,5032.00,79.55,2.50,,,,47.5659100,-52.7100000,,,,,0
2026-09-21T14:24:13.000Z,653.000,593,192,88.0,152,8.500,5040.50,79.60,2.50,,,,47.5659200,-52.7100000,,,,,0
2026-09-21T14:24:14.000Z,654.000,594,193,88.0,153,8.500,5049.00,79.65,2.50,,,,47.5659300,-52.7100000,,,,,0
2026-09-21T14:24:15.000Z,655.000,595,194,88.0,154,8.500,5057.50,79.70,2.50,,,,47.5659400,-52.7100000,,,,,0
2026-09-21T14:24:16.000Z,656.000,596,195,88.0,155,8.500,5066.00,79.75,2.50,,,,47.5659500,-52.7100000,,,,,0
2026-09-21T14:24:17.000Z,657.000,597,196,88.0,156,8.500,5074.50,79.80,2.50,,,,47.5659600,-52.7100000,,,,,0
2026-09-21T14:24:18.000Z,658.000,598,197,88.0,157,8.500,5083.00,79.85,2.50,,,,47.5659700,-52.7100000,,,,,0
2026-09-21T14:24:19.000Z,659.000,599,198,88.0,158,8.500,5091.50,79.90,2.50,,,,47.5659800,-52.7100000,,,,,0
2026-09-21T14:24:20.000Z,660.000,600,199,88.0,159,8.500,5100.00,79.95,2.50,,,,47.5659900,-52.7100000,,,,,0
